{
  "method": "vllm bench serve random 2048 input / 512 output / ignore_eos; three reps, first dropped",
  "rows": [
    {
      "concurrency": 1,
      "repetitions": 3,
      "warmup_rep_dropped": 1,
      "request_throughput_rps": 0.1574436081658446,
      "output_throughput_tok_s": 80.61112738091244,
      "total_throughput_tok_s": 404.6891143392828,
      "mean_ttft_ms": 468.8239847528166,
      "p50_ttft_ms": 359.4497682497604,
      "p99_ttft_ms": 1177.8901343361938,
      "mean_tpot_ms": 11.511627217103332,
      "p99_tpot_ms": 13.11026588420197,
      "mean_itl_ms": 29.27366407614555,
      "p99_itl_ms": 39.308217814832446,
      "mean_e2el_ms": 6351.265492692619,
      "p99_e2el_ms": 7630.722727957909,
      "completed": 16,
      "failed": 0
    },
    {
      "concurrency": 2,
      "repetitions": 3,
      "warmup_rep_dropped": 1,
      "request_throughput_rps": 0.2508623580597622,
      "output_throughput_tok_s": 128.44152732659825,
      "total_throughput_tok_s": 644.8103335978612,
      "mean_ttft_ms": 457.9033133722987,
      "p50_ttft_ms": 392.54866773990216,
      "p99_ttft_ms": 670.0164118401881,
      "mean_tpot_ms": 14.67265493848161,
      "p99_tpot_ms": 15.882731904824189,
      "mean_itl_ms": 38.257261300721574,
      "p99_itl_ms": 48.83829324913677,
      "mean_e2el_ms": 7955.629986936401,
      "p99_e2el_ms": 8700.36453283843,
      "completed": 16,
      "failed": 0
    },
    {
      "concurrency": 4,
      "repetitions": 3,
      "warmup_rep_dropped": 1,
      "request_throughput_rps": 0.36305345578017173,
      "output_throughput_tok_s": 185.88336935944793,
      "total_throughput_tok_s": 933.183526400959,
      "mean_ttft_ms": 865.6815473132156,
      "p50_ttft_ms": 908.9706567465328,
      "p99_ttft_ms": 1198.4544758341508,
      "mean_tpot_ms": 19.39396721036335,
      "p99_tpot_ms": 21.840307539881223,
      "mean_itl_ms": 50.22570354521301,
      "p99_itl_ms": 59.388495854363995,
      "mean_e2el_ms": 10775.998791808888,
      "p99_e2el_ms": 12334.23633333543,
      "completed": 16,
      "failed": 0
    },
    {
      "concurrency": 8,
      "repetitions": 3,
      "warmup_rep_dropped": 1,
      "request_throughput_rps": 0.5250292686792871,
      "output_throughput_tok_s": 268.814985563795,
      "total_throughput_tok_s": 1349.554920810815,
      "mean_ttft_ms": 1560.7165431238172,
      "p50_ttft_ms": 1667.04469974502,
      "p99_ttft_ms": 2531.7369869429967,
      "mean_tpot_ms": 25.13075057791019,
      "p99_tpot_ms": 30.68727673581686,
      "mean_itl_ms": 64.35563425269441,
      "p99_itl_ms": 331.3894161800272,
      "mean_e2el_ms": 14402.530088435924,
      "p99_e2el_ms": 18105.445071251597,
      "completed": 32,
      "failed": 0
    },
    {
      "concurrency": 16,
      "repetitions": 3,
      "warmup_rep_dropped": 1,
      "request_throughput_rps": 0.5578374858014756,
      "output_throughput_tok_s": 285.6127927303555,
      "total_throughput_tok_s": 1433.921257252693,
      "mean_ttft_ms": 8105.777252888402,
      "p50_ttft_ms": 8253.131282741379,
      "p99_ttft_ms": 14340.86316274028,
      "mean_tpot_ms": 38.020437089808055,
      "p99_tpot_ms": 48.807489334260154,
      "mean_itl_ms": 100.4842449000925,
      "p99_itl_ms": 390.28119393158704,
      "mean_e2el_ms": 27534.22060578032,
      "p99_e2el_ms": 39022.79275432201,
      "completed": 64,
      "failed": 0
    },
    {
      "concurrency": 32,
      "repetitions": 3,
      "warmup_rep_dropped": 1,
      "request_throughput_rps": 0.6722264107624236,
      "output_throughput_tok_s": 344.1799223103609,
      "total_throughput_tok_s": 1727.8739605634646,
      "mean_ttft_ms": 13080.149791790063,
      "p50_ttft_ms": 12651.668718746805,
      "p99_ttft_ms": 20928.356883552624,
      "mean_tpot_ms": 64.20951522081245,
      "p99_tpot_ms": 82.69231726511083,
      "mean_itl_ms": 170.27518398921194,
      "p99_itl_ms": 1235.7053833504324,
      "mean_e2el_ms": 45891.212069625224,
      "p99_e2el_ms": 60415.65840987094,
      "completed": 128,
      "failed": 0
    }
  ]
}
