{
  "version": "0.4.0",
  "timestamp": "2026-07-10 15:22:45Z",
  "latency_mode": "api",
  "latency_ms": 2.4303230068956814,
  "model": "Qwen3.6-35B-A3B-NVFP4-Fast",
  "prefix_caching_enabled": false,
  "max_concurrency": 1,
  "benchmarks": [
    {
      "concurrency": 1,
      "context_size": 0,
      "prompt_size": 2048,
      "response_size": 128,
      "is_context_prefill_phase": false,
      "pp_throughput": {
        "mean": 5081.463799226791,
        "std": 21.69645181140233,
        "values": [
          5050.861559491605,
          5098.696556793177,
          5094.833281395591
        ]
      },
      "pp_req_throughput": {
        "mean": 5081.463799226791,
        "std": 21.69645181140233,
        "values": [
          5050.861559491605,
          5098.696556793177,
          5094.833281395591
        ]
      },
      "tg_throughput": {
        "mean": 79.70321613096917,
        "std": 4.319484299197631,
        "values": [
          73.61819858614477,
          82.28060338602634,
          83.21084642073642
        ]
      },
      "tg_req_throughput": {
        "mean": 79.70321613096917,
        "std": 4.319484299197631,
        "values": [
          73.61819858614477,
          82.28060338602634,
          83.21084642073642
        ]
      },
      "peak_throughput": {
        "mean": 80.33333333333333,
        "std": 5.185449728701348,
        "values": [
          73.0,
          84.0,
          84.0
        ]
      },
      "peak_req_throughput": {
        "mean": 80.33333333333333,
        "std": 5.185449728701348,
        "values": [
          73.0,
          84.0,
          84.0
        ]
      },
      "ttfr": {
        "mean": 405.60253633884713,
        "std": 1.7691346824830672,
        "values": [
          408.1036870193202,
          404.29773699725047,
          404.4061849999707
        ]
      },
      "est_ppt": {
        "mean": 403.17221333195147,
        "std": 1.7691346824830672,
        "values": [
          405.67336401242454,
          401.8674139903548,
          401.97586199307506
        ]
      },
      "e2e_ttft": {
        "mean": 405.60253633884713,
        "std": 1.7691346824830672,
        "values": [
          408.1036870193202,
          404.29773699725047,
          404.4061849999707
        ]
      },
      "throughput_over_time": null,
      "requests_throughput_over_time": null
    },
    {
      "concurrency": 1,
      "context_size": 4096,
      "prompt_size": 2048,
      "response_size": 128,
      "is_context_prefill_phase": false,
      "pp_throughput": {
        "mean": 6571.419763185452,
        "std": 297.1830350973099,
        "values": [
          6155.415348013228,
          6727.635105232269,
          6831.2088363108605
        ]
      },
      "pp_req_throughput": {
        "mean": 6571.419763185452,
        "std": 297.1830350973099,
        "values": [
          6155.415348013228,
          6727.635105232269,
          6831.2088363108605
        ]
      },
      "tg_throughput": {
        "mean": 86.67770937313361,
        "std": 0.8696241813630902,
        "values": [
          85.44910003510596,
          87.33953925756587,
          87.24448882672901
        ]
      },
      "tg_req_throughput": {
        "mean": 86.67770937313361,
        "std": 0.8696241813630902,
        "values": [
          85.44910003510596,
          87.33953925756587,
          87.24448882672901
        ]
      },
      "peak_throughput": {
        "mean": 90.0,
        "std": 4.546060565661952,
        "values": [
          85.0,
          96.0,
          89.0
        ]
      },
      "peak_req_throughput": {
        "mean": 90.0,
        "std": 4.546060565661952,
        "values": [
          85.0,
          96.0,
          89.0
        ]
      },
      "ttfr": {
        "mean": 939.4710996712092,
        "std": 43.819284074054416,
        "values": [
          1000.9007189946715,
          915.8270670159254,
          901.6855130030308
        ]
      },
      "est_ppt": {
        "mean": 937.0407766643135,
        "std": 43.819284074054416,
        "values": [
          998.4703959877758,
          913.3967440090297,
          899.2551899961351
        ]
      },
      "e2e_ttft": {
        "mean": 939.4710996712092,
        "std": 43.819284074054416,
        "values": [
          1000.9007189946715,
          915.8270670159254,
          901.6855130030308
        ]
      },
      "throughput_over_time": null,
      "requests_throughput_over_time": null
    },
    {
      "concurrency": 1,
      "context_size": 8192,
      "prompt_size": 2048,
      "response_size": 128,
      "is_context_prefill_phase": false,
      "pp_throughput": {
        "mean": 6210.979552924935,
        "std": 12.492496326681563,
        "values": [
          6196.461462627815,
          6226.957112127033,
          6209.520084019958
        ]
      },
      "pp_req_throughput": {
        "mean": 6210.979552924935,
        "std": 12.492496326681563,
        "values": [
          6196.461462627815,
          6226.957112127033,
          6209.520084019958
        ]
      },
      "tg_throughput": {
        "mean": 85.29783898015108,
        "std": 6.417290266952625,
        "values": [
          76.3435271291819,
          88.49528946602007,
          91.0547003452513
        ]
      },
      "tg_req_throughput": {
        "mean": 85.29783898015108,
        "std": 6.417290266952625,
        "values": [
          76.3435271291819,
          88.49528946602007,
          91.0547003452513
        ]
      },
      "peak_throughput": {
        "mean": 86.66666666666667,
        "std": 5.557777333511022,
        "values": [
          79.0,
          89.0,
          92.0
        ]
      },
      "peak_req_throughput": {
        "mean": 86.66666666666667,
        "std": 5.557777333511022,
        "values": [
          79.0,
          89.0,
          92.0
        ]
      },
      "ttfr": {
        "mean": 1651.2375550034146,
        "std": 3.3099971260866017,
        "values": [
          1655.147775018122,
          1647.0538229914382,
          1651.5110670006834
        ]
      },
      "est_ppt": {
        "mean": 1648.8072319965188,
        "std": 3.3099971260866017,
        "values": [
          1652.7174520112264,
          1644.6234999845426,
          1649.0807439937878
        ]
      },
      "e2e_ttft": {
        "mean": 1651.2375550034146,
        "std": 3.3099971260866017,
        "values": [
          1655.147775018122,
          1647.0538229914382,
          1651.5110670006834
        ]
      },
      "throughput_over_time": null,
      "requests_throughput_over_time": null
    },
    {
      "concurrency": 1,
      "context_size": 16384,
      "prompt_size": 2048,
      "response_size": 128,
      "is_context_prefill_phase": false,
      "pp_throughput": {
        "mean": 5526.932458795436,
        "std": 111.31595110638119,
        "values": [
          5378.057796435554,
          5557.051479577747,
          5645.688100373008
        ]
      },
      "pp_req_throughput": {
        "mean": 5526.932458795436,
        "std": 111.31595110638119,
        "values": [
          5378.057796435554,
          5557.051479577747,
          5645.688100373008
        ]
      },
      "tg_throughput": {
        "mean": 87.01374562685254,
        "std": 2.2351720992573947,
        "values": [
          87.61911385011383,
          89.3979069621442,
          84.02421606829958
        ]
      },
      "tg_req_throughput": {
        "mean": 87.01374562685254,
        "std": 2.2351720992573947,
        "values": [
          87.61911385011383,
          89.3979069621442,
          84.02421606829958
        ]
      },
      "peak_throughput": {
        "mean": 94.66666666666667,
        "std": 1.699673171197595,
        "values": [
          94.0,
          93.0,
          97.0
        ]
      },
      "peak_req_throughput": {
        "mean": 94.66666666666667,
        "std": 1.699673171197595,